<assembly>
  <id>bin</id>
  <formats>
    <format>tar.gz</format>
    <format>tar.bz2</format>
    <format>zip</format>
  </formats>
  <includeBaseDirectory>false</includeBaseDirectory>
  <fileSets>
    <fileSet>
      <includes>
        <include>README*</include>
        <include>pom.xml</include>
        <include>mvnw</include>
        <include>mvnw.cmd</include>
      </includes>
    </fileSet>
    <fileSet>
      <directory>src</directory>
    </fileSet>
    <fileSet>
      <directory>.mvn</directory>
    </fileSet>
  </fileSets>
</assembly>